obs_id,train_id,class,class_name,path_to_image
id_000001,train,2,church,../notes/image_data/imagenette-320//church/ILSVRC2012_val_00033509.JPEG
id_000002,train,3,English_springer,../notes/image_data/imagenette-320//English_springer/ILSVRC2012_val_00032959.JPEG
id_000003,train,5,garbage_truck,../notes/image_data/imagenette-320//garbage_truck/ILSVRC2012_val_00034417.JPEG
id_000004,valid,9,tench,../notes/image_data/imagenette-320//tench/ILSVRC2012_val_00002138.JPEG
id_000005,train,2,church,../notes/image_data/imagenette-320//church/ILSVRC2012_val_00003351.JPEG
id_000006,valid,8,parachute,../notes/image_data/imagenette-320//parachute/ILSVRC2012_val_00041925.JPEG
id_000007,valid,9,tench,../notes/image_data/imagenette-320//tench/ILSVRC2012_val_00017472.JPEG
id_000008,train,6,gas_pump,../notes/image_data/imagenette-320//gas_pump/ILSVRC2012_val_00020951.JPEG
id_000009,train,6,gas_pump,../notes/image_data/imagenette-320//gas_pump/ILSVRC2012_val_00006909.JPEG
id_000010,train,0,cassette_player,../notes/image_data/imagenette-320//cassette_player/ILSVRC2012_val_00035482.JPEG
id_000011,train,9,tench,../notes/image_data/imagenette-320//tench/ILSVRC2012_val_00045880.JPEG
id_000012,train,1,chain_saw,../notes/image_data/imagenette-320//chain_saw/ILSVRC2012_val_00037629.JPEG
id_000013,train,6,gas_pump,../notes/image_data/imagenette-320//gas_pump/ILSVRC2012_val_00033364.JPEG
id_000014,train,3,English_springer,../notes/image_data/imagenette-320//English_springer/ILSVRC2012_val_00036282.JPEG
id_000015,train,7,golf_ball,../notes/image_data/imagenette-320//golf_ball/ILSVRC2012_val_00025591.JPEG
id_000016,train,4,French_horn,../notes/image_data/imagenette-320//French_horn/ILSVRC2012_val_00042707.JPEG
id_000017,valid,6,gas_pump,../notes/image_data/imagenette-320//gas_pump/ILSVRC2012_val_00046178.JPEG
id_000018,valid,9,tench,../notes/image_data/imagenette-320//tench/ILSVRC2012_val_00028158.JPEG
id_000019,train,3,English_springer,../notes/image_data/imagenette-320//English_springer/ILSVRC2012_val_00027918.JPEG
id_000020,train,7,golf_ball,../notes/image_data/imagenette-320//golf_ball/ILSVRC2012_val_00024405.JPEG
id_000021,valid,8,parachute,../notes/image_data/imagenette-320//parachute/ILSVRC2012_val_00047705.JPEG
id_000022,train,2,church,../notes/image_data/imagenette-320//church/ILSVRC2012_val_00003682.JPEG
id_000023,train,6,gas_pump,../notes/image_data/imagenette-320//gas_pump/ILSVRC2012_val_00007471.JPEG
id_000024,train,1,chain_saw,../notes/image_data/imagenette-320//chain_saw/ILSVRC2012_val_00009206.JPEG
id_000025,train,2,church,../notes/image_data/imagenette-320//church/ILSVRC2012_val_00027385.JPEG
id_000026,train,9,tench,../notes/image_data/imagenette-320//tench/ILSVRC2012_val_00030740.JPEG
id_000027,train,0,cassette_player,../notes/image_data/imagenette-320//cassette_player/ILSVRC2012_val_00008651.JPEG
id_000028,train,3,English_springer,../notes/image_data/imagenette-320//English_springer/ILSVRC2012_val_00025442.JPEG
id_000029,valid,8,parachute,../notes/image_data/imagenette-320//parachute/ILSVRC2012_val_00009593.JPEG
id_000030,train,3,English_springer,../notes/image_data/imagenette-320//English_springer/ILSVRC2012_val_00008334.JPEG
id_000031,train,4,French_horn,../notes/image_data/imagenette-320//French_horn/ILSVRC2012_val_00025761.JPEG
id_000032,train,5,garbage_truck,../notes/image_data/imagenette-320//garbage_truck/ILSVRC2012_val_00032800.JPEG
id_000033,train,4,French_horn,../notes/image_data/imagenette-320//French_horn/ILSVRC2012_val_00033682.JPEG
id_000034,train,9,tench,../notes/image_data/imagenette-320//tench/ILSVRC2012_val_00037834.JPEG
id_000035,valid,7,golf_ball,../notes/image_data/imagenette-320//golf_ball/ILSVRC2012_val_00036187.JPEG
id_000036,train,6,gas_pump,../notes/image_data/imagenette-320//gas_pump/ILSVRC2012_val_00007186.JPEG
id_000037,train,7,golf_ball,../notes/image_data/imagenette-320//golf_ball/ILSVRC2012_val_00020502.JPEG
id_000038,train,0,cassette_player,../notes/image_data/imagenette-320//cassette_player/ILSVRC2012_val_00049106.JPEG
id_000039,valid,6,gas_pump,../notes/image_data/imagenette-320//gas_pump/ILSVRC2012_val_00032455.JPEG
id_000040,train,3,English_springer,../notes/image_data/imagenette-320//English_springer/ILSVRC2012_val_00038569.JPEG
id_000041,valid,7,golf_ball,../notes/image_data/imagenette-320//golf_ball/ILSVRC2012_val_00031486.JPEG
id_000042,train,5,garbage_truck,../notes/image_data/imagenette-320//garbage_truck/ILSVRC2012_val_00046913.JPEG
id_000043,train,7,golf_ball,../notes/image_data/imagenette-320//golf_ball/ILSVRC2012_val_00011431.JPEG
id_000044,train,5,garbage_truck,../notes/image_data/imagenette-320//garbage_truck/ILSVRC2012_val_00002434.JPEG
id_000045,train,9,tench,../notes/image_data/imagenette-320//tench/ILSVRC2012_val_00034654.JPEG
id_000046,train,7,golf_ball,../notes/image_data/imagenette-320//golf_ball/ILSVRC2012_val_00011581.JPEG
id_000047,train,0,cassette_player,../notes/image_data/imagenette-320//cassette_player/ILSVRC2012_val_00013735.JPEG
id_000048,train,4,French_horn,../notes/image_data/imagenette-320//French_horn/ILSVRC2012_val_00013915.JPEG
id_000049,valid,6,gas_pump,../notes/image_data/imagenette-320//gas_pump/ILSVRC2012_val_00031186.JPEG
id_000050,train,6,gas_pump,../notes/image_data/imagenette-320//gas_pump/ILSVRC2012_val_00009279.JPEG
id_000051,train,4,French_horn,../notes/image_data/imagenette-320//French_horn/ILSVRC2012_val_00011691.JPEG
id_000052,valid,7,golf_ball,../notes/image_data/imagenette-320//golf_ball/ILSVRC2012_val_00036755.JPEG
id_000053,train,3,English_springer,../notes/image_data/imagenette-320//English_springer/ILSVRC2012_val_00046295.JPEG
id_000054,train,2,church,../notes/image_data/imagenette-320//church/ILSVRC2012_val_00009705.JPEG
id_000055,train,0,cassette_player,../notes/image_data/imagenette-320//cassette_player/ILSVRC2012_val_00035751.JPEG
id_000056,train,0,cassette_player,../notes/image_data/imagenette-320//cassette_player/ILSVRC2012_val_00045110.JPEG
id_000057,train,2,church,../notes/image_data/imagenette-320//church/ILSVRC2012_val_00039477.JPEG
id_000058,train,4,French_horn,../notes/image_data/imagenette-320//French_horn/ILSVRC2012_val_00030728.JPEG
id_000059,train,5,garbage_truck,../notes/image_data/imagenette-320//garbage_truck/ILSVRC2012_val_00042487.JPEG
id_000060,train,3,English_springer,../notes/image_data/imagenette-320//English_springer/ILSVRC2012_val_00024246.JPEG
id_000061,valid,8,parachute,../notes/image_data/imagenette-320//parachute/ILSVRC2012_val_00002508.JPEG
id_000062,train,2,church,../notes/image_data/imagenette-320//church/ILSVRC2012_val_00028310.JPEG
id_000063,train,4,French_horn,../notes/image_data/imagenette-320//French_horn/ILSVRC2012_val_00001492.JPEG
id_000064,train,2,church,../notes/image_data/imagenette-320//church/ILSVRC2012_val_00046232.JPEG
id_000065,train,5,garbage_truck,../notes/image_data/imagenette-320//garbage_truck/ILSVRC2012_val_00034001.JPEG
id_000066,train,2,church,../notes/image_data/imagenette-320//church/ILSVRC2012_val_00015155.JPEG
id_000067,train,4,French_horn,../notes/image_data/imagenette-320//French_horn/ILSVRC2012_val_00005554.JPEG
id_000068,valid,9,tench,../notes/image_data/imagenette-320//tench/ILSVRC2012_val_00046252.JPEG
id_000069,train,0,cassette_player,../notes/image_data/imagenette-320//cassette_player/ILSVRC2012_val_00042347.JPEG
id_000070,valid,9,tench,../notes/image_data/imagenette-320//tench/ILSVRC2012_val_00009396.JPEG
id_000071,train,8,parachute,../notes/image_data/imagenette-320//parachute/ILSVRC2012_val_00031035.JPEG
id_000072,valid,7,golf_ball,../notes/image_data/imagenette-320//golf_ball/ILSVRC2012_val_00011983.JPEG
id_000073,train,2,church,../notes/image_data/imagenette-320//church/ILSVRC2012_val_00048853.JPEG
id_000074,train,2,church,../notes/image_data/imagenette-320//church/ILSVRC2012_val_00042207.JPEG
id_000075,train,4,French_horn,../notes/image_data/imagenette-320//French_horn/ILSVRC2012_val_00003587.JPEG
id_000076,valid,7,golf_ball,../notes/image_data/imagenette-320//golf_ball/ILSVRC2012_val_00031897.JPEG
id_000077,valid,7,golf_ball,../notes/image_data/imagenette-320//golf_ball/ILSVRC2012_val_00017247.JPEG
id_000078,train,3,English_springer,../notes/image_data/imagenette-320//English_springer/ILSVRC2012_val_00014280.JPEG
id_000079,valid,6,gas_pump,../notes/image_data/imagenette-320//gas_pump/ILSVRC2012_val_00023044.JPEG
id_000080,valid,8,parachute,../notes/image_data/imagenette-320//parachute/ILSVRC2012_val_00004745.JPEG
id_000081,train,3,English_springer,../notes/image_data/imagenette-320//English_springer/ILSVRC2012_val_00027182.JPEG
id_000082,train,5,garbage_truck,../notes/image_data/imagenette-320//garbage_truck/ILSVRC2012_val_00047189.JPEG
id_000083,train,3,English_springer,../notes/image_data/imagenette-320//English_springer/ILSVRC2012_val_00016582.JPEG
id_000084,train,2,church,../notes/image_data/imagenette-320//church/ILSVRC2012_val_00034220.JPEG
id_000085,valid,6,gas_pump,../notes/image_data/imagenette-320//gas_pump/ILSVRC2012_val_00012504.JPEG
id_000086,train,1,chain_saw,../notes/image_data/imagenette-320//chain_saw/ILSVRC2012_val_00035266.JPEG
id_000087,train,5,garbage_truck,../notes/image_data/imagenette-320//garbage_truck/ILSVRC2012_val_00043909.JPEG
id_000088,train,1,chain_saw,../notes/image_data/imagenette-320//chain_saw/ILSVRC2012_val_00000537.JPEG
id_000089,train,9,tench,../notes/image_data/imagenette-320//tench/ILSVRC2012_val_00026397.JPEG
id_000090,train,1,chain_saw,../notes/image_data/imagenette-320//chain_saw/ILSVRC2012_val_00007460.JPEG
id_000091,train,1,chain_saw,../notes/image_data/imagenette-320//chain_saw/ILSVRC2012_val_00048335.JPEG
id_000092,train,0,cassette_player,../notes/image_data/imagenette-320//cassette_player/ILSVRC2012_val_00031964.JPEG
id_000093,train,5,garbage_truck,../notes/image_data/imagenette-320//garbage_truck/ILSVRC2012_val_00012925.JPEG
id_000094,valid,7,golf_ball,../notes/image_data/imagenette-320//golf_ball/ILSVRC2012_val_00008599.JPEG
id_000095,valid,6,gas_pump,../notes/image_data/imagenette-320//gas_pump/ILSVRC2012_val_00015654.JPEG
id_000096,valid,6,gas_pump,../notes/image_data/imagenette-320//gas_pump/ILSVRC2012_val_00018516.JPEG
id_000097,train,9,tench,../notes/image_data/imagenette-320//tench/ILSVRC2012_val_00024327.JPEG
id_000098,train,3,English_springer,../notes/image_data/imagenette-320//English_springer/ILSVRC2012_val_00015499.JPEG
id_000099,valid,9,tench,../notes/image_data/imagenette-320//tench/ILSVRC2012_val_00040833.JPEG
id_000100,train,4,French_horn,../notes/image_data/imagenette-320//French_horn/ILSVRC2012_val_00043278.JPEG
id_000101,train,5,garbage_truck,../notes/image_data/imagenette-320//garbage_truck/ILSVRC2012_val_00009345.JPEG
id_000102,train,8,parachute,../notes/image_data/imagenette-320//parachute/ILSVRC2012_val_00041706.JPEG
id_000103,train,2,church,../notes/image_data/imagenette-320//church/ILSVRC2012_val_00007400.JPEG
id_000104,valid,7,golf_ball,../notes/image_data/imagenette-320//golf_ball/ILSVRC2012_val_00042350.JPEG
id_000105,train,5,garbage_truck,../notes/image_data/imagenette-320//garbage_truck/ILSVRC2012_val_00001144.JPEG
id_000106,train,8,parachute,../notes/image_data/imagenette-320//parachute/ILSVRC2012_val_00010460.JPEG
id_000107,train,8,parachute,../notes/image_data/imagenette-320//parachute/ILSVRC2012_val_00010336.JPEG
id_000108,train,9,tench,../notes/image_data/imagenette-320//tench/ILSVRC2012_val_00037383.JPEG
id_000109,valid,7,golf_ball,../notes/image_data/imagenette-320//golf_ball/ILSVRC2012_val_00012634.JPEG
id_000110,train,4,French_horn,../notes/image_data/imagenette-320//French_horn/ILSVRC2012_val_00037592.JPEG
id_000111,valid,7,golf_ball,../notes/image_data/imagenette-320//golf_ball/ILSVRC2012_val_00031954.JPEG
id_000112,valid,5,garbage_truck,../notes/image_data/imagenette-320//garbage_truck/ILSVRC2012_val_00034078.JPEG
id_000113,train,2,church,../notes/image_data/imagenette-320//church/ILSVRC2012_val_00036229.JPEG
id_000114,train,3,English_springer,../notes/image_data/imagenette-320//English_springer/ILSVRC2012_val_00015694.JPEG
id_000115,train,1,chain_saw,../notes/image_data/imagenette-320//chain_saw/ILSVRC2012_val_00006726.JPEG
id_000116,train,0,cassette_player,../notes/image_data/imagenette-320//cassette_player/ILSVRC2012_val_00007226.JPEG
id_000117,train,5,garbage_truck,../notes/image_data/imagenette-320//garbage_truck/ILSVRC2012_val_00026865.JPEG
id_000118,train,0,cassette_player,../notes/image_data/imagenette-320//cassette_player/ILSVRC2012_val_00042982.JPEG
id_000119,train,3,English_springer,../notes/image_data/imagenette-320//English_springer/ILSVRC2012_val_00017370.JPEG
id_000120,valid,4,French_horn,../notes/image_data/imagenette-320//French_horn/ILSVRC2012_val_00043988.JPEG
id_000121,valid,7,golf_ball,../notes/image_data/imagenette-320//golf_ball/ILSVRC2012_val_00030938.JPEG
id_000122,train,7,golf_ball,../notes/image_data/imagenette-320//golf_ball/ILSVRC2012_val_00040694.JPEG
id_000123,train,8,parachute,../notes/image_data/imagenette-320//parachute/ILSVRC2012_val_00002990.JPEG
id_000124,train,1,chain_saw,../notes/image_data/imagenette-320//chain_saw/ILSVRC2012_val_00020674.JPEG
id_000125,valid,8,parachute,../notes/image_data/imagenette-320//parachute/ILSVRC2012_val_00030583.JPEG
id_000126,train,7,golf_ball,../notes/image_data/imagenette-320//golf_ball/ILSVRC2012_val_00035419.JPEG
id_000127,train,3,English_springer,../notes/image_data/imagenette-320//English_springer/ILSVRC2012_val_00040546.JPEG
id_000128,train,1,chain_saw,../notes/image_data/imagenette-320//chain_saw/ILSVRC2012_val_00028196.JPEG
id_000129,train,1,chain_saw,../notes/image_data/imagenette-320//chain_saw/ILSVRC2012_val_00036092.JPEG
id_000130,train,4,French_horn,../notes/image_data/imagenette-320//French_horn/ILSVRC2012_val_00022754.JPEG
id_000131,train,4,French_horn,../notes/image_data/imagenette-320//French_horn/ILSVRC2012_val_00009037.JPEG
id_000132,train,0,cassette_player,../notes/image_data/imagenette-320//cassette_player/ILSVRC2012_val_00034563.JPEG
id_000133,train,0,cassette_player,../notes/image_data/imagenette-320//cassette_player/ILSVRC2012_val_00017463.JPEG
id_000134,valid,4,French_horn,../notes/image_data/imagenette-320//French_horn/ILSVRC2012_val_00038137.JPEG
id_000135,valid,6,gas_pump,../notes/image_data/imagenette-320//gas_pump/ILSVRC2012_val_00037555.JPEG
id_000136,train,4,French_horn,../notes/image_data/imagenette-320//French_horn/ILSVRC2012_val_00017407.JPEG
id_000137,train,4,French_horn,../notes/image_data/imagenette-320//French_horn/ILSVRC2012_val_00003759.JPEG
id_000138,valid,3,English_springer,../notes/image_data/imagenette-320//English_springer/ILSVRC2012_val_00040140.JPEG
id_000139,valid,8,parachute,../notes/image_data/imagenette-320//parachute/ILSVRC2012_val_00007616.JPEG
id_000140,train,8,parachute,../notes/image_data/imagenette-320//parachute/ILSVRC2012_val_00023107.JPEG
id_000141,valid,4,French_horn,../notes/image_data/imagenette-320//French_horn/ILSVRC2012_val_00046669.JPEG
id_000142,train,4,French_horn,../notes/image_data/imagenette-320//French_horn/ILSVRC2012_val_00013113.JPEG
id_000143,train,7,golf_ball,../notes/image_data/imagenette-320//golf_ball/ILSVRC2012_val_00023215.JPEG
id_000144,train,1,chain_saw,../notes/image_data/imagenette-320//chain_saw/ILSVRC2012_val_00044793.JPEG
id_000145,valid,5,garbage_truck,../notes/image_data/imagenette-320//garbage_truck/ILSVRC2012_val_00007519.JPEG
id_000146,train,9,tench,../notes/image_data/imagenette-320//tench/ILSVRC2012_val_00018317.JPEG
id_000147,train,1,chain_saw,../notes/image_data/imagenette-320//chain_saw/ILSVRC2012_val_00011951.JPEG
id_000148,valid,5,garbage_truck,../notes/image_data/imagenette-320//garbage_truck/ILSVRC2012_val_00013827.JPEG
id_000149,train,8,parachute,../notes/image_data/imagenette-320//parachute/ILSVRC2012_val_00024340.JPEG
id_000150,valid,6,gas_pump,../notes/image_data/imagenette-320//gas_pump/ILSVRC2012_val_00002498.JPEG
id_000151,valid,9,tench,../notes/image_data/imagenette-320//tench/ILSVRC2012_val_00009346.JPEG
id_000152,valid,3,English_springer,../notes/image_data/imagenette-320//English_springer/ILSVRC2012_val_00043994.JPEG
id_000153,train,2,church,../notes/image_data/imagenette-320//church/ILSVRC2012_val_00016832.JPEG
id_000154,train,3,English_springer,../notes/image_data/imagenette-320//English_springer/ILSVRC2012_val_00007032.JPEG
id_000155,train,3,English_springer,../notes/image_data/imagenette-320//English_springer/ILSVRC2012_val_00019414.JPEG
id_000156,train,1,chain_saw,../notes/image_data/imagenette-320//chain_saw/ILSVRC2012_val_00017719.JPEG
id_000157,train,8,parachute,../notes/image_data/imagenette-320//parachute/ILSVRC2012_val_00015787.JPEG
id_000158,train,0,cassette_player,../notes/image_data/imagenette-320//cassette_player/ILSVRC2012_val_00033397.JPEG
id_000159,train,1,chain_saw,../notes/image_data/imagenette-320//chain_saw/ILSVRC2012_val_00045940.JPEG
id_000160,train,1,chain_saw,../notes/image_data/imagenette-320//chain_saw/ILSVRC2012_val_00026061.JPEG
id_000161,train,1,chain_saw,../notes/image_data/imagenette-320//chain_saw/ILSVRC2012_val_00046764.JPEG
id_000162,valid,7,golf_ball,../notes/image_data/imagenette-320//golf_ball/ILSVRC2012_val_00002314.JPEG
id_000163,train,3,English_springer,../notes/image_data/imagenette-320//English_springer/ILSVRC2012_val_00000665.JPEG
id_000164,valid,8,parachute,../notes/image_data/imagenette-320//parachute/ILSVRC2012_val_00009269.JPEG
id_000165,valid,5,garbage_truck,../notes/image_data/imagenette-320//garbage_truck/ILSVRC2012_val_00044888.JPEG
id_000166,train,7,golf_ball,../notes/image_data/imagenette-320//golf_ball/ILSVRC2012_val_00037369.JPEG
id_000167,train,0,cassette_player,../notes/image_data/imagenette-320//cassette_player/ILSVRC2012_val_00027735.JPEG
id_000168,train,2,church,../notes/image_data/imagenette-320//church/ILSVRC2012_val_00014037.JPEG
id_000169,valid,4,French_horn,../notes/image_data/imagenette-320//French_horn/ILSVRC2012_val_00041958.JPEG
id_000170,train,6,gas_pump,../notes/image_data/imagenette-320//gas_pump/ILSVRC2012_val_00031412.JPEG
id_000171,valid,4,French_horn,../notes/image_data/imagenette-320//French_horn/ILSVRC2012_val_00007155.JPEG
id_000172,valid,5,garbage_truck,../notes/image_data/imagenette-320//garbage_truck/ILSVRC2012_val_00027150.JPEG
id_000173,valid,5,garbage_truck,../notes/image_data/imagenette-320//garbage_truck/ILSVRC2012_val_00031313.JPEG
id_000174,train,9,tench,../notes/image_data/imagenette-320//tench/ILSVRC2012_val_00025129.JPEG
id_000175,train,2,church,../notes/image_data/imagenette-320//church/ILSVRC2012_val_00023619.JPEG
id_000176,valid,5,garbage_truck,../notes/image_data/imagenette-320//garbage_truck/ILSVRC2012_val_00041478.JPEG
id_000177,train,6,gas_pump,../notes/image_data/imagenette-320//gas_pump/ILSVRC2012_val_00024806.JPEG
id_000178,valid,4,French_horn,../notes/image_data/imagenette-320//French_horn/ILSVRC2012_val_00041668.JPEG
id_000179,train,6,gas_pump,../notes/image_data/imagenette-320//gas_pump/ILSVRC2012_val_00048059.JPEG
id_000180,valid,5,garbage_truck,../notes/image_data/imagenette-320//garbage_truck/ILSVRC2012_val_00038268.JPEG
id_000181,train,1,chain_saw,../notes/image_data/imagenette-320//chain_saw/ILSVRC2012_val_00045501.JPEG
id_000182,train,7,golf_ball,../notes/image_data/imagenette-320//golf_ball/ILSVRC2012_val_00007755.JPEG
id_000183,valid,9,tench,../notes/image_data/imagenette-320//tench/ILSVRC2012_val_00017700.JPEG
id_000184,train,3,English_springer,../notes/image_data/imagenette-320//English_springer/ILSVRC2012_val_00008162.JPEG
id_000185,valid,5,garbage_truck,../notes/image_data/imagenette-320//garbage_truck/ILSVRC2012_val_00028190.JPEG
id_000186,train,9,tench,../notes/image_data/imagenette-320//tench/ILSVRC2012_val_00025527.JPEG
id_000187,valid,4,French_horn,../notes/image_data/imagenette-320//French_horn/ILSVRC2012_val_00041247.JPEG
id_000188,valid,9,tench,../notes/image_data/imagenette-320//tench/ILSVRC2012_val_00017995.JPEG
id_000189,valid,8,parachute,../notes/image_data/imagenette-320//parachute/ILSVRC2012_val_00010427.JPEG
id_000190,train,9,tench,../notes/image_data/imagenette-320//tench/ILSVRC2012_val_00037375.JPEG
id_000191,valid,4,French_horn,../notes/image_data/imagenette-320//French_horn/ILSVRC2012_val_00022204.JPEG
id_000192,train,2,church,../notes/image_data/imagenette-320//church/ILSVRC2012_val_00019331.JPEG
id_000193,train,8,parachute,../notes/image_data/imagenette-320//parachute/ILSVRC2012_val_00042262.JPEG
id_000194,valid,7,golf_ball,../notes/image_data/imagenette-320//golf_ball/ILSVRC2012_val_00038005.JPEG
id_000195,train,9,tench,../notes/image_data/imagenette-320//tench/ILSVRC2012_val_00041939.JPEG
id_000196,valid,9,tench,../notes/image_data/imagenette-320//tench/ILSVRC2012_val_00023559.JPEG
id_000197,train,0,cassette_player,../notes/image_data/imagenette-320//cassette_player/ILSVRC2012_val_00037988.JPEG
id_000198,valid,5,garbage_truck,../notes/image_data/imagenette-320//garbage_truck/ILSVRC2012_val_00005094.JPEG
id_000199,train,7,golf_ball,../notes/image_data/imagenette-320//golf_ball/ILSVRC2012_val_00016748.JPEG
id_000200,valid,8,parachute,../notes/image_data/imagenette-320//parachute/ILSVRC2012_val_00018229.JPEG
id_000201,train,1,chain_saw,../notes/image_data/imagenette-320//chain_saw/ILSVRC2012_val_00029918.JPEG
id_000202,train,8,parachute,../notes/image_data/imagenette-320//parachute/ILSVRC2012_val_00018509.JPEG
id_000203,valid,3,English_springer,../notes/image_data/imagenette-320//English_springer/ILSVRC2012_val_00004548.JPEG
id_000204,train,1,chain_saw,../notes/image_data/imagenette-320//chain_saw/ILSVRC2012_val_00029668.JPEG
id_000205,train,1,chain_saw,../notes/image_data/imagenette-320//chain_saw/ILSVRC2012_val_00005506.JPEG
id_000206,valid,3,English_springer,../notes/image_data/imagenette-320//English_springer/ILSVRC2012_val_00002294.JPEG
id_000207,train,8,parachute,../notes/image_data/imagenette-320//parachute/ILSVRC2012_val_00002665.JPEG
id_000208,train,0,cassette_player,../notes/image_data/imagenette-320//cassette_player/ILSVRC2012_val_00042482.JPEG
id_000209,train,1,chain_saw,../notes/image_data/imagenette-320//chain_saw/ILSVRC2012_val_00026879.JPEG
id_000210,valid,6,gas_pump,../notes/image_data/imagenette-320//gas_pump/ILSVRC2012_val_00019256.JPEG
id_000211,valid,5,garbage_truck,../notes/image_data/imagenette-320//garbage_truck/ILSVRC2012_val_00028914.JPEG
id_000212,train,9,tench,../notes/image_data/imagenette-320//tench/ILSVRC2012_val_00012503.JPEG
id_000213,valid,4,French_horn,../notes/image_data/imagenette-320//French_horn/ILSVRC2012_val_00019593.JPEG
id_000214,valid,5,garbage_truck,../notes/image_data/imagenette-320//garbage_truck/ILSVRC2012_val_00025379.JPEG
id_000215,valid,7,golf_ball,../notes/image_data/imagenette-320//golf_ball/ILSVRC2012_val_00038768.JPEG
id_000216,train,1,chain_saw,../notes/image_data/imagenette-320//chain_saw/ILSVRC2012_val_00041057.JPEG
id_000217,valid,3,English_springer,../notes/image_data/imagenette-320//English_springer/ILSVRC2012_val_00029518.JPEG
id_000218,valid,5,garbage_truck,../notes/image_data/imagenette-320//garbage_truck/ILSVRC2012_val_00021253.JPEG
id_000219,valid,5,garbage_truck,../notes/image_data/imagenette-320//garbage_truck/ILSVRC2012_val_00019147.JPEG
id_000220,valid,1,chain_saw,../notes/image_data/imagenette-320//chain_saw/ILSVRC2012_val_00046651.JPEG
id_000221,train,1,chain_saw,../notes/image_data/imagenette-320//chain_saw/ILSVRC2012_val_00026573.JPEG
id_000222,valid,0,cassette_player,../notes/image_data/imagenette-320//cassette_player/ILSVRC2012_val_00047315.JPEG
id_000223,valid,1,chain_saw,../notes/image_data/imagenette-320//chain_saw/ILSVRC2012_val_00042907.JPEG
id_000224,valid,2,church,../notes/image_data/imagenette-320//church/ILSVRC2012_val_00039506.JPEG
id_000225,valid,5,garbage_truck,../notes/image_data/imagenette-320//garbage_truck/ILSVRC2012_val_00005744.JPEG
id_000226,train,7,golf_ball,../notes/image_data/imagenette-320//golf_ball/ILSVRC2012_val_00046468.JPEG
id_000227,train,1,chain_saw,../notes/image_data/imagenette-320//chain_saw/ILSVRC2012_val_00025878.JPEG
id_000228,train,0,cassette_player,../notes/image_data/imagenette-320//cassette_player/ILSVRC2012_val_00016648.JPEG
id_000229,train,2,church,../notes/image_data/imagenette-320//church/ILSVRC2012_val_00016542.JPEG
id_000230,valid,4,French_horn,../notes/image_data/imagenette-320//French_horn/ILSVRC2012_val_00033784.JPEG
id_000231,train,6,gas_pump,../notes/image_data/imagenette-320//gas_pump/ILSVRC2012_val_00017469.JPEG
id_000232,valid,0,cassette_player,../notes/image_data/imagenette-320//cassette_player/ILSVRC2012_val_00041893.JPEG
id_000233,train,9,tench,../notes/image_data/imagenette-320//tench/ILSVRC2012_val_00037861.JPEG
id_000234,valid,3,English_springer,../notes/image_data/imagenette-320//English_springer/ILSVRC2012_val_00016768.JPEG
id_000235,train,2,church,../notes/image_data/imagenette-320//church/ILSVRC2012_val_00004939.JPEG
id_000236,train,6,gas_pump,../notes/image_data/imagenette-320//gas_pump/ILSVRC2012_val_00044734.JPEG
id_000237,train,5,garbage_truck,../notes/image_data/imagenette-320//garbage_truck/ILSVRC2012_val_00013925.JPEG
id_000238,train,8,parachute,../notes/image_data/imagenette-320//parachute/ILSVRC2012_val_00022638.JPEG
id_000239,train,8,parachute,../notes/image_data/imagenette-320//parachute/ILSVRC2012_val_00029149.JPEG
id_000240,train,2,church,../notes/image_data/imagenette-320//church/ILSVRC2012_val_00017198.JPEG
id_000241,train,5,garbage_truck,../notes/image_data/imagenette-320//garbage_truck/ILSVRC2012_val_00044976.JPEG
id_000242,valid,2,church,../notes/image_data/imagenette-320//church/ILSVRC2012_val_00049943.JPEG
id_000243,valid,9,tench,../notes/image_data/imagenette-320//tench/ILSVRC2012_val_00046499.JPEG
id_000244,train,7,golf_ball,../notes/image_data/imagenette-320//golf_ball/ILSVRC2012_val_00003793.JPEG
id_000245,train,2,church,../notes/image_data/imagenette-320//church/ILSVRC2012_val_00006268.JPEG
id_000246,train,9,tench,../notes/image_data/imagenette-320//tench/ILSVRC2012_val_00037596.JPEG
id_000247,train,2,church,../notes/image_data/imagenette-320//church/ILSVRC2012_val_00008116.JPEG
id_000248,train,6,gas_pump,../notes/image_data/imagenette-320//gas_pump/ILSVRC2012_val_00035913.JPEG
id_000249,train,2,church,../notes/image_data/imagenette-320//church/ILSVRC2012_val_00016854.JPEG
id_000250,valid,4,French_horn,../notes/image_data/imagenette-320//French_horn/ILSVRC2012_val_00038727.JPEG
id_000251,train,7,golf_ball,../notes/image_data/imagenette-320//golf_ball/ILSVRC2012_val_00038790.JPEG
id_000252,valid,4,French_horn,../notes/image_data/imagenette-320//French_horn/ILSVRC2012_val_00034826.JPEG
id_000253,valid,2,church,../notes/image_data/imagenette-320//church/ILSVRC2012_val_00016873.JPEG
id_000254,train,5,garbage_truck,../notes/image_data/imagenette-320//garbage_truck/ILSVRC2012_val_00007477.JPEG
id_000255,valid,2,church,../notes/image_data/imagenette-320//church/ILSVRC2012_val_00017783.JPEG
id_000256,train,0,cassette_player,../notes/image_data/imagenette-320//cassette_player/ILSVRC2012_val_00033657.JPEG
id_000257,train,1,chain_saw,../notes/image_data/imagenette-320//chain_saw/ILSVRC2012_val_00011170.JPEG
id_000258,valid,2,church,../notes/image_data/imagenette-320//church/ILSVRC2012_val_00019711.JPEG
id_000259,valid,1,chain_saw,../notes/image_data/imagenette-320//chain_saw/ILSVRC2012_val_00043196.JPEG
id_000260,valid,4,French_horn,../notes/image_data/imagenette-320//French_horn/ILSVRC2012_val_00025583.JPEG
id_000261,valid,2,church,../notes/image_data/imagenette-320//church/ILSVRC2012_val_00024897.JPEG
id_000262,valid,1,chain_saw,../notes/image_data/imagenette-320//chain_saw/ILSVRC2012_val_00026946.JPEG
id_000263,train,1,chain_saw,../notes/image_data/imagenette-320//chain_saw/ILSVRC2012_val_00023477.JPEG
id_000264,valid,3,English_springer,../notes/image_data/imagenette-320//English_springer/ILSVRC2012_val_00035723.JPEG
id_000265,train,5,garbage_truck,../notes/image_data/imagenette-320//garbage_truck/ILSVRC2012_val_00042802.JPEG
id_000266,valid,0,cassette_player,../notes/image_data/imagenette-320//cassette_player/ILSVRC2012_val_00042648.JPEG
id_000267,train,0,cassette_player,../notes/image_data/imagenette-320//cassette_player/ILSVRC2012_val_00018559.JPEG
id_000268,valid,3,English_springer,../notes/image_data/imagenette-320//English_springer/ILSVRC2012_val_00021205.JPEG
id_000269,valid,2,church,../notes/image_data/imagenette-320//church/ILSVRC2012_val_00042264.JPEG
id_000270,train,7,golf_ball,../notes/image_data/imagenette-320//golf_ball/ILSVRC2012_val_00035519.JPEG
id_000271,train,0,cassette_player,../notes/image_data/imagenette-320//cassette_player/ILSVRC2012_val_00017775.JPEG
id_000272,train,8,parachute,../notes/image_data/imagenette-320//parachute/ILSVRC2012_val_00009370.JPEG
id_000273,train,6,gas_pump,../notes/image_data/imagenette-320//gas_pump/ILSVRC2012_val_00005183.JPEG
id_000274,train,5,garbage_truck,../notes/image_data/imagenette-320//garbage_truck/ILSVRC2012_val_00006922.JPEG
id_000275,train,1,chain_saw,../notes/image_data/imagenette-320//chain_saw/ILSVRC2012_val_00024269.JPEG
id_000276,valid,0,cassette_player,../notes/image_data/imagenette-320//cassette_player/ILSVRC2012_val_00044398.JPEG
id_000277,train,9,tench,../notes/image_data/imagenette-320//tench/ILSVRC2012_val_00016018.JPEG
id_000278,valid,0,cassette_player,../notes/image_data/imagenette-320//cassette_player/ILSVRC2012_val_00043121.JPEG
id_000279,valid,2,church,../notes/image_data/imagenette-320//church/ILSVRC2012_val_00005598.JPEG
id_000280,valid,9,tench,../notes/image_data/imagenette-320//tench/ILSVRC2012_val_00013716.JPEG
id_000281,train,9,tench,../notes/image_data/imagenette-320//tench/ILSVRC2012_val_00024235.JPEG
id_000282,train,5,garbage_truck,../notes/image_data/imagenette-320//garbage_truck/ILSVRC2012_val_00002210.JPEG
id_000283,valid,9,tench,../notes/image_data/imagenette-320//tench/ILSVRC2012_val_00029930.JPEG
id_000284,train,5,garbage_truck,../notes/image_data/imagenette-320//garbage_truck/ILSVRC2012_val_00047374.JPEG
id_000285,train,9,tench,../notes/image_data/imagenette-320//tench/ILSVRC2012_val_00006697.JPEG
id_000286,valid,0,cassette_player,../notes/image_data/imagenette-320//cassette_player/ILSVRC2012_val_00035160.JPEG
id_000287,valid,1,chain_saw,../notes/image_data/imagenette-320//chain_saw/ILSVRC2012_val_00024480.JPEG
id_000288,valid,0,cassette_player,../notes/image_data/imagenette-320//cassette_player/ILSVRC2012_val_00035803.JPEG
id_000289,train,5,garbage_truck,../notes/image_data/imagenette-320//garbage_truck/ILSVRC2012_val_00037947.JPEG
id_000290,train,6,gas_pump,../notes/image_data/imagenette-320//gas_pump/ILSVRC2012_val_00017866.JPEG
id_000291,valid,0,cassette_player,../notes/image_data/imagenette-320//cassette_player/ILSVRC2012_val_00047974.JPEG
id_000292,valid,0,cassette_player,../notes/image_data/imagenette-320//cassette_player/ILSVRC2012_val_00034395.JPEG
id_000293,valid,7,golf_ball,../notes/image_data/imagenette-320//golf_ball/ILSVRC2012_val_00013633.JPEG
id_000294,train,8,parachute,../notes/image_data/imagenette-320//parachute/ILSVRC2012_val_00025121.JPEG
id_000295,valid,2,church,../notes/image_data/imagenette-320//church/ILSVRC2012_val_00005295.JPEG
id_000296,valid,2,church,../notes/image_data/imagenette-320//church/ILSVRC2012_val_00039053.JPEG
id_000297,train,0,cassette_player,../notes/image_data/imagenette-320//cassette_player/ILSVRC2012_val_00027673.JPEG
id_000298,train,4,French_horn,../notes/image_data/imagenette-320//French_horn/ILSVRC2012_val_00028723.JPEG
id_000299,train,6,gas_pump,../notes/image_data/imagenette-320//gas_pump/ILSVRC2012_val_00048977.JPEG
id_000300,valid,7,golf_ball,../notes/image_data/imagenette-320//golf_ball/ILSVRC2012_val_00043745.JPEG
id_000301,valid,2,church,../notes/image_data/imagenette-320//church/ILSVRC2012_val_00034021.JPEG
id_000302,train,0,cassette_player,../notes/image_data/imagenette-320//cassette_player/ILSVRC2012_val_00024874.JPEG
id_000303,valid,1,chain_saw,../notes/image_data/imagenette-320//chain_saw/ILSVRC2012_val_00047060.JPEG
id_000304,train,9,tench,../notes/image_data/imagenette-320//tench/ILSVRC2012_val_00009111.JPEG
id_000305,train,5,garbage_truck,../notes/image_data/imagenette-320//garbage_truck/ILSVRC2012_val_00029377.JPEG
id_000306,valid,3,English_springer,../notes/image_data/imagenette-320//English_springer/ILSVRC2012_val_00040876.JPEG
id_000307,valid,0,cassette_player,../notes/image_data/imagenette-320//cassette_player/ILSVRC2012_val_00040604.JPEG
id_000308,valid,3,English_springer,../notes/image_data/imagenette-320//English_springer/ILSVRC2012_val_00004650.JPEG
id_000309,train,7,golf_ball,../notes/image_data/imagenette-320//golf_ball/ILSVRC2012_val_00019268.JPEG
id_000310,valid,1,chain_saw,../notes/image_data/imagenette-320//chain_saw/ILSVRC2012_val_00027785.JPEG
id_000311,train,4,French_horn,../notes/image_data/imagenette-320//French_horn/ILSVRC2012_val_00044598.JPEG
id_000312,train,5,garbage_truck,../notes/image_data/imagenette-320//garbage_truck/ILSVRC2012_val_00006234.JPEG
id_000313,valid,3,English_springer,../notes/image_data/imagenette-320//English_springer/ILSVRC2012_val_00007568.JPEG
id_000314,valid,3,English_springer,../notes/image_data/imagenette-320//English_springer/ILSVRC2012_val_00049523.JPEG
id_000315,train,9,tench,../notes/image_data/imagenette-320//tench/ILSVRC2012_val_00011993.JPEG
id_000316,valid,1,chain_saw,../notes/image_data/imagenette-320//chain_saw/ILSVRC2012_val_00044204.JPEG
id_000317,train,4,French_horn,../notes/image_data/imagenette-320//French_horn/ILSVRC2012_val_00035433.JPEG
id_000318,valid,1,chain_saw,../notes/image_data/imagenette-320//chain_saw/ILSVRC2012_val_00019137.JPEG
id_000319,valid,3,English_springer,../notes/image_data/imagenette-320//English_springer/ILSVRC2012_val_00022412.JPEG
id_000320,train,5,garbage_truck,../notes/image_data/imagenette-320//garbage_truck/ILSVRC2012_val_00024560.JPEG
id_000321,valid,9,tench,../notes/image_data/imagenette-320//tench/ILSVRC2012_val_00007197.JPEG
id_000322,valid,1,chain_saw,../notes/image_data/imagenette-320//chain_saw/ILSVRC2012_val_00006578.JPEG
id_000323,train,6,gas_pump,../notes/image_data/imagenette-320//gas_pump/ILSVRC2012_val_00040715.JPEG
id_000324,valid,3,English_springer,../notes/image_data/imagenette-320//English_springer/ILSVRC2012_val_00026521.JPEG
id_000325,valid,6,gas_pump,../notes/image_data/imagenette-320//gas_pump/ILSVRC2012_val_00035242.JPEG
id_000326,valid,9,tench,../notes/image_data/imagenette-320//tench/ILSVRC2012_val_00031094.JPEG
id_000327,valid,8,parachute,../notes/image_data/imagenette-320//parachute/ILSVRC2012_val_00017020.JPEG
id_000328,valid,8,parachute,../notes/image_data/imagenette-320//parachute/ILSVRC2012_val_00013527.JPEG
id_000329,train,4,French_horn,../notes/image_data/imagenette-320//French_horn/ILSVRC2012_val_00007921.JPEG
id_000330,valid,2,church,../notes/image_data/imagenette-320//church/ILSVRC2012_val_00029870.JPEG
id_000331,valid,8,parachute,../notes/image_data/imagenette-320//parachute/ILSVRC2012_val_00014381.JPEG
id_000332,train,9,tench,../notes/image_data/imagenette-320//tench/ILSVRC2012_val_00048204.JPEG
id_000333,train,4,French_horn,../notes/image_data/imagenette-320//French_horn/ILSVRC2012_val_00005548.JPEG
id_000334,valid,3,English_springer,../notes/image_data/imagenette-320//English_springer/ILSVRC2012_val_00018207.JPEG
id_000335,train,5,garbage_truck,../notes/image_data/imagenette-320//garbage_truck/ILSVRC2012_val_00036233.JPEG
id_000336,train,7,golf_ball,../notes/image_data/imagenette-320//golf_ball/ILSVRC2012_val_00038447.JPEG
id_000337,train,3,English_springer,../notes/image_data/imagenette-320//English_springer/ILSVRC2012_val_00023242.JPEG
id_000338,train,6,gas_pump,../notes/image_data/imagenette-320//gas_pump/ILSVRC2012_val_00044370.JPEG
id_000339,train,6,gas_pump,../notes/image_data/imagenette-320//gas_pump/ILSVRC2012_val_00042375.JPEG
id_000340,valid,3,English_springer,../notes/image_data/imagenette-320//English_springer/ILSVRC2012_val_00040679.JPEG
id_000341,valid,7,golf_ball,../notes/image_data/imagenette-320//golf_ball/ILSVRC2012_val_00031744.JPEG
id_000342,train,4,French_horn,../notes/image_data/imagenette-320//French_horn/ILSVRC2012_val_00007985.JPEG
id_000343,train,7,golf_ball,../notes/image_data/imagenette-320//golf_ball/ILSVRC2012_val_00009902.JPEG
id_000344,train,8,parachute,../notes/image_data/imagenette-320//parachute/ILSVRC2012_val_00017919.JPEG
id_000345,train,7,golf_ball,../notes/image_data/imagenette-320//golf_ball/ILSVRC2012_val_00022792.JPEG
id_000346,valid,0,cassette_player,../notes/image_data/imagenette-320//cassette_player/ILSVRC2012_val_00043731.JPEG
id_000347,train,3,English_springer,../notes/image_data/imagenette-320//English_springer/ILSVRC2012_val_00014125.JPEG
id_000348,train,9,tench,../notes/image_data/imagenette-320//tench/ILSVRC2012_val_00010306.JPEG
id_000349,valid,1,chain_saw,../notes/image_data/imagenette-320//chain_saw/ILSVRC2012_val_00006669.JPEG
id_000350,valid,8,parachute,../notes/image_data/imagenette-320//parachute/ILSVRC2012_val_00044850.JPEG
id_000351,train,3,English_springer,../notes/image_data/imagenette-320//English_springer/ILSVRC2012_val_00002315.JPEG
id_000352,train,0,cassette_player,../notes/image_data/imagenette-320//cassette_player/ILSVRC2012_val_00012468.JPEG
id_000353,valid,4,French_horn,../notes/image_data/imagenette-320//French_horn/ILSVRC2012_val_00048138.JPEG
id_000354,train,6,gas_pump,../notes/image_data/imagenette-320//gas_pump/ILSVRC2012_val_00017466.JPEG
id_000355,valid,5,garbage_truck,../notes/image_data/imagenette-320//garbage_truck/ILSVRC2012_val_00022172.JPEG
id_000356,train,9,tench,../notes/image_data/imagenette-320//tench/ILSVRC2012_val_00009379.JPEG
id_000357,valid,2,church,../notes/image_data/imagenette-320//church/ILSVRC2012_val_00023000.JPEG
id_000358,train,0,cassette_player,../notes/image_data/imagenette-320//cassette_player/ILSVRC2012_val_00014287.JPEG
id_000359,valid,8,parachute,../notes/image_data/imagenette-320//parachute/ILSVRC2012_val_00016387.JPEG
id_000360,train,4,French_horn,../notes/image_data/imagenette-320//French_horn/ILSVRC2012_val_00041242.JPEG
id_000361,train,8,parachute,../notes/image_data/imagenette-320//parachute/ILSVRC2012_val_00022496.JPEG
id_000362,train,3,English_springer,../notes/image_data/imagenette-320//English_springer/ILSVRC2012_val_00017664.JPEG
id_000363,valid,7,golf_ball,../notes/image_data/imagenette-320//golf_ball/ILSVRC2012_val_00014102.JPEG
id_000364,train,8,parachute,../notes/image_data/imagenette-320//parachute/ILSVRC2012_val_00038942.JPEG
id_000365,train,7,golf_ball,../notes/image_data/imagenette-320//golf_ball/ILSVRC2012_val_00008161.JPEG
id_000366,valid,7,golf_ball,../notes/image_data/imagenette-320//golf_ball/ILSVRC2012_val_00048517.JPEG
id_000367,train,8,parachute,../notes/image_data/imagenette-320//parachute/ILSVRC2012_val_00020698.JPEG
id_000368,train,5,garbage_truck,../notes/image_data/imagenette-320//garbage_truck/ILSVRC2012_val_00033842.JPEG
id_000369,train,7,golf_ball,../notes/image_data/imagenette-320//golf_ball/ILSVRC2012_val_00012356.JPEG
id_000370,train,7,golf_ball,../notes/image_data/imagenette-320//golf_ball/ILSVRC2012_val_00007947.JPEG
id_000371,train,3,English_springer,../notes/image_data/imagenette-320//English_springer/ILSVRC2012_val_00001968.JPEG
id_000372,train,4,French_horn,../notes/image_data/imagenette-320//French_horn/ILSVRC2012_val_00046826.JPEG
id_000373,valid,5,garbage_truck,../notes/image_data/imagenette-320//garbage_truck/ILSVRC2012_val_00008430.JPEG
id_000374,train,8,parachute,../notes/image_data/imagenette-320//parachute/ILSVRC2012_val_00047778.JPEG
id_000375,train,5,garbage_truck,../notes/image_data/imagenette-320//garbage_truck/ILSVRC2012_val_00039069.JPEG
id_000376,valid,1,chain_saw,../notes/image_data/imagenette-320//chain_saw/ILSVRC2012_val_00004262.JPEG
id_000377,train,2,church,../notes/image_data/imagenette-320//church/ILSVRC2012_val_00044414.JPEG
id_000378,valid,5,garbage_truck,../notes/image_data/imagenette-320//garbage_truck/ILSVRC2012_val_00027110.JPEG
id_000379,train,6,gas_pump,../notes/image_data/imagenette-320//gas_pump/ILSVRC2012_val_00032250.JPEG
id_000380,train,8,parachute,../notes/image_data/imagenette-320//parachute/ILSVRC2012_val_00011324.JPEG
id_000381,valid,1,chain_saw,../notes/image_data/imagenette-320//chain_saw/ILSVRC2012_val_00004034.JPEG
id_000382,valid,3,English_springer,../notes/image_data/imagenette-320//English_springer/ILSVRC2012_val_00016833.JPEG
id_000383,train,7,golf_ball,../notes/image_data/imagenette-320//golf_ball/ILSVRC2012_val_00023845.JPEG
id_000384,valid,9,tench,../notes/image_data/imagenette-320//tench/ILSVRC2012_val_00031333.JPEG
id_000385,train,9,tench,../notes/image_data/imagenette-320//tench/ILSVRC2012_val_00026064.JPEG
id_000386,train,6,gas_pump,../notes/image_data/imagenette-320//gas_pump/ILSVRC2012_val_00045559.JPEG
id_000387,valid,8,parachute,../notes/image_data/imagenette-320//parachute/ILSVRC2012_val_00047147.JPEG
id_000388,valid,9,tench,../notes/image_data/imagenette-320//tench/ILSVRC2012_val_00048969.JPEG
id_000389,train,6,gas_pump,../notes/image_data/imagenette-320//gas_pump/ILSVRC2012_val_00000732.JPEG
id_000390,valid,6,gas_pump,../notes/image_data/imagenette-320//gas_pump/ILSVRC2012_val_00035211.JPEG
id_000391,valid,0,cassette_player,../notes/image_data/imagenette-320//cassette_player/ILSVRC2012_val_00020400.JPEG
id_000392,train,8,parachute,../notes/image_data/imagenette-320//parachute/ILSVRC2012_val_00026575.JPEG
id_000393,valid,1,chain_saw,../notes/image_data/imagenette-320//chain_saw/ILSVRC2012_val_00048919.JPEG
id_000394,valid,1,chain_saw,../notes/image_data/imagenette-320//chain_saw/ILSVRC2012_val_00006043.JPEG
id_000395,train,4,French_horn,../notes/image_data/imagenette-320//French_horn/ILSVRC2012_val_00048303.JPEG
id_000396,train,3,English_springer,../notes/image_data/imagenette-320//English_springer/ILSVRC2012_val_00037182.JPEG
id_000397,valid,4,French_horn,../notes/image_data/imagenette-320//French_horn/ILSVRC2012_val_00009651.JPEG
id_000398,train,7,golf_ball,../notes/image_data/imagenette-320//golf_ball/ILSVRC2012_val_00020781.JPEG
id_000399,train,6,gas_pump,../notes/image_data/imagenette-320//gas_pump/ILSVRC2012_val_00017350.JPEG
id_000400,train,8,parachute,../notes/image_data/imagenette-320//parachute/ILSVRC2012_val_00039045.JPEG
id_000401,train,8,parachute,../notes/image_data/imagenette-320//parachute/ILSVRC2012_val_00015689.JPEG
id_000402,train,3,English_springer,../notes/image_data/imagenette-320//English_springer/ILSVRC2012_val_00049218.JPEG
id_000403,valid,4,French_horn,../notes/image_data/imagenette-320//French_horn/ILSVRC2012_val_00000957.JPEG
id_000404,valid,4,French_horn,../notes/image_data/imagenette-320//French_horn/ILSVRC2012_val_00028399.JPEG
id_000405,valid,6,gas_pump,../notes/image_data/imagenette-320//gas_pump/ILSVRC2012_val_00004452.JPEG
id_000406,valid,5,garbage_truck,../notes/image_data/imagenette-320//garbage_truck/ILSVRC2012_val_00013958.JPEG
id_000407,train,6,gas_pump,../notes/image_data/imagenette-320//gas_pump/ILSVRC2012_val_00018006.JPEG
id_000408,valid,8,parachute,../notes/image_data/imagenette-320//parachute/ILSVRC2012_val_00032482.JPEG
id_000409,train,0,cassette_player,../notes/image_data/imagenette-320//cassette_player/ILSVRC2012_val_00002034.JPEG
id_000410,valid,6,gas_pump,../notes/image_data/imagenette-320//gas_pump/ILSVRC2012_val_00045944.JPEG
id_000411,valid,6,gas_pump,../notes/image_data/imagenette-320//gas_pump/ILSVRC2012_val_00013436.JPEG
id_000412,train,6,gas_pump,../notes/image_data/imagenette-320//gas_pump/ILSVRC2012_val_00005996.JPEG
id_000413,train,7,golf_ball,../notes/image_data/imagenette-320//golf_ball/ILSVRC2012_val_00044936.JPEG
id_000414,valid,3,English_springer,../notes/image_data/imagenette-320//English_springer/ILSVRC2012_val_00010994.JPEG
id_000415,valid,9,tench,../notes/image_data/imagenette-320//tench/ILSVRC2012_val_00040358.JPEG
id_000416,train,4,French_horn,../notes/image_data/imagenette-320//French_horn/ILSVRC2012_val_00023056.JPEG
id_000417,valid,2,church,../notes/image_data/imagenette-320//church/ILSVRC2012_val_00023291.JPEG
id_000418,train,3,English_springer,../notes/image_data/imagenette-320//English_springer/ILSVRC2012_val_00012689.JPEG
id_000419,valid,2,church,../notes/image_data/imagenette-320//church/ILSVRC2012_val_00029728.JPEG
id_000420,valid,7,golf_ball,../notes/image_data/imagenette-320//golf_ball/ILSVRC2012_val_00035918.JPEG
id_000421,train,3,English_springer,../notes/image_data/imagenette-320//English_springer/ILSVRC2012_val_00048914.JPEG
id_000422,train,7,golf_ball,../notes/image_data/imagenette-320//golf_ball/ILSVRC2012_val_00044695.JPEG
id_000423,train,8,parachute,../notes/image_data/imagenette-320//parachute/ILSVRC2012_val_00037770.JPEG
id_000424,train,8,parachute,../notes/image_data/imagenette-320//parachute/ILSVRC2012_val_00020003.JPEG
id_000425,train,2,church,../notes/image_data/imagenette-320//church/ILSVRC2012_val_00035753.JPEG
id_000426,train,9,tench,../notes/image_data/imagenette-320//tench/ILSVRC2012_val_00039905.JPEG
id_000427,train,5,garbage_truck,../notes/image_data/imagenette-320//garbage_truck/ILSVRC2012_val_00036554.JPEG
id_000428,valid,6,gas_pump,../notes/image_data/imagenette-320//gas_pump/ILSVRC2012_val_00004860.JPEG
id_000429,valid,6,gas_pump,../notes/image_data/imagenette-320//gas_pump/ILSVRC2012_val_00022538.JPEG
id_000430,valid,6,gas_pump,../notes/image_data/imagenette-320//gas_pump/ILSVRC2012_val_00045353.JPEG
id_000431,valid,6,gas_pump,../notes/image_data/imagenette-320//gas_pump/ILSVRC2012_val_00001432.JPEG
id_000432,train,0,cassette_player,../notes/image_data/imagenette-320//cassette_player/ILSVRC2012_val_00006787.JPEG
id_000433,valid,1,chain_saw,../notes/image_data/imagenette-320//chain_saw/ILSVRC2012_val_00031549.JPEG
id_000434,train,4,French_horn,../notes/image_data/imagenette-320//French_horn/ILSVRC2012_val_00004301.JPEG
id_000435,train,3,English_springer,../notes/image_data/imagenette-320//English_springer/ILSVRC2012_val_00044718.JPEG
id_000436,valid,8,parachute,../notes/image_data/imagenette-320//parachute/ILSVRC2012_val_00034544.JPEG
id_000437,valid,4,French_horn,../notes/image_data/imagenette-320//French_horn/ILSVRC2012_val_00007536.JPEG
id_000438,train,0,cassette_player,../notes/image_data/imagenette-320//cassette_player/ILSVRC2012_val_00005866.JPEG
id_000439,valid,2,church,../notes/image_data/imagenette-320//church/ILSVRC2012_val_00026451.JPEG
id_000440,valid,1,chain_saw,../notes/image_data/imagenette-320//chain_saw/ILSVRC2012_val_00031413.JPEG
id_000441,train,0,cassette_player,../notes/image_data/imagenette-320//cassette_player/ILSVRC2012_val_00003944.JPEG
id_000442,valid,0,cassette_player,../notes/image_data/imagenette-320//cassette_player/ILSVRC2012_val_00023674.JPEG
id_000443,valid,2,church,../notes/image_data/imagenette-320//church/ILSVRC2012_val_00046550.JPEG
id_000444,valid,3,English_springer,../notes/image_data/imagenette-320//English_springer/ILSVRC2012_val_00021016.JPEG
id_000445,train,5,garbage_truck,../notes/image_data/imagenette-320//garbage_truck/ILSVRC2012_val_00018227.JPEG
id_000446,valid,0,cassette_player,../notes/image_data/imagenette-320//cassette_player/ILSVRC2012_val_00029663.JPEG
id_000447,valid,0,cassette_player,../notes/image_data/imagenette-320//cassette_player/ILSVRC2012_val_00025484.JPEG
id_000448,valid,5,garbage_truck,../notes/image_data/imagenette-320//garbage_truck/ILSVRC2012_val_00016208.JPEG
id_000449,train,1,chain_saw,../notes/image_data/imagenette-320//chain_saw/ILSVRC2012_val_00025063.JPEG
id_000450,train,5,garbage_truck,../notes/image_data/imagenette-320//garbage_truck/ILSVRC2012_val_00025416.JPEG
id_000451,valid,0,cassette_player,../notes/image_data/imagenette-320//cassette_player/ILSVRC2012_val_00048478.JPEG
id_000452,train,8,parachute,../notes/image_data/imagenette-320//parachute/ILSVRC2012_val_00001440.JPEG
id_000453,train,9,tench,../notes/image_data/imagenette-320//tench/ILSVRC2012_val_00021740.JPEG
id_000454,valid,0,cassette_player,../notes/image_data/imagenette-320//cassette_player/ILSVRC2012_val_00009833.JPEG
id_000455,train,6,gas_pump,../notes/image_data/imagenette-320//gas_pump/ILSVRC2012_val_00006434.JPEG
id_000456,valid,4,French_horn,../notes/image_data/imagenette-320//French_horn/ILSVRC2012_val_00024837.JPEG
id_000457,train,6,gas_pump,../notes/image_data/imagenette-320//gas_pump/ILSVRC2012_val_00022252.JPEG
id_000458,valid,0,cassette_player,../notes/image_data/imagenette-320//cassette_player/ILSVRC2012_val_00044373.JPEG
id_000459,train,4,French_horn,../notes/image_data/imagenette-320//French_horn/ILSVRC2012_val_00025430.JPEG
id_000460,train,0,cassette_player,../notes/image_data/imagenette-320//cassette_player/ILSVRC2012_val_00046953.JPEG
id_000461,train,2,church,../notes/image_data/imagenette-320//church/ILSVRC2012_val_00016949.JPEG
id_000462,train,8,parachute,../notes/image_data/imagenette-320//parachute/ILSVRC2012_val_00009559.JPEG
id_000463,train,0,cassette_player,../notes/image_data/imagenette-320//cassette_player/ILSVRC2012_val_00000557.JPEG
id_000464,train,3,English_springer,../notes/image_data/imagenette-320//English_springer/ILSVRC2012_val_00004553.JPEG
id_000465,train,2,church,../notes/image_data/imagenette-320//church/ILSVRC2012_val_00033568.JPEG
id_000466,valid,2,church,../notes/image_data/imagenette-320//church/ILSVRC2012_val_00004912.JPEG
id_000467,valid,8,parachute,../notes/image_data/imagenette-320//parachute/ILSVRC2012_val_00019289.JPEG
id_000468,train,7,golf_ball,../notes/image_data/imagenette-320//golf_ball/ILSVRC2012_val_00036171.JPEG
id_000469,train,5,garbage_truck,../notes/image_data/imagenette-320//garbage_truck/ILSVRC2012_val_00004119.JPEG
id_000470,train,7,golf_ball,../notes/image_data/imagenette-320//golf_ball/ILSVRC2012_val_00006468.JPEG
id_000471,train,4,French_horn,../notes/image_data/imagenette-320//French_horn/ILSVRC2012_val_00015542.JPEG
id_000472,valid,2,church,../notes/image_data/imagenette-320//church/ILSVRC2012_val_00048382.JPEG
id_000473,train,6,gas_pump,../notes/image_data/imagenette-320//gas_pump/ILSVRC2012_val_00002049.JPEG
id_000474,train,8,parachute,../notes/image_data/imagenette-320//parachute/ILSVRC2012_val_00031268.JPEG
id_000475,train,7,golf_ball,../notes/image_data/imagenette-320//golf_ball/ILSVRC2012_val_00041672.JPEG
id_000476,train,9,tench,../notes/image_data/imagenette-320//tench/ILSVRC2012_val_00017699.JPEG
id_000477,valid,4,French_horn,../notes/image_data/imagenette-320//French_horn/ILSVRC2012_val_00003620.JPEG
id_000478,train,6,gas_pump,../notes/image_data/imagenette-320//gas_pump/ILSVRC2012_val_00009821.JPEG
id_000479,valid,0,cassette_player,../notes/image_data/imagenette-320//cassette_player/ILSVRC2012_val_00028911.JPEG
id_000480,valid,3,English_springer,../notes/image_data/imagenette-320//English_springer/ILSVRC2012_val_00023440.JPEG
id_000481,valid,1,chain_saw,../notes/image_data/imagenette-320//chain_saw/ILSVRC2012_val_00042035.JPEG
id_000482,train,1,chain_saw,../notes/image_data/imagenette-320//chain_saw/ILSVRC2012_val_00029211.JPEG
id_000483,valid,8,parachute,../notes/image_data/imagenette-320//parachute/ILSVRC2012_val_00006561.JPEG
id_000484,valid,9,tench,../notes/image_data/imagenette-320//tench/ILSVRC2012_val_00003014.JPEG
id_000485,train,8,parachute,../notes/image_data/imagenette-320//parachute/ILSVRC2012_val_00009873.JPEG
id_000486,valid,0,cassette_player,../notes/image_data/imagenette-320//cassette_player/ILSVRC2012_val_00009404.JPEG
id_000487,train,9,tench,../notes/image_data/imagenette-320//tench/ILSVRC2012_val_00000293.JPEG
id_000488,train,2,church,../notes/image_data/imagenette-320//church/ILSVRC2012_val_00034534.JPEG
id_000489,valid,6,gas_pump,../notes/image_data/imagenette-320//gas_pump/ILSVRC2012_val_00019667.JPEG
id_000490,train,7,golf_ball,../notes/image_data/imagenette-320//golf_ball/ILSVRC2012_val_00026194.JPEG
id_000491,train,6,gas_pump,../notes/image_data/imagenette-320//gas_pump/ILSVRC2012_val_00029203.JPEG
id_000492,valid,9,tench,../notes/image_data/imagenette-320//tench/ILSVRC2012_val_00011233.JPEG
id_000493,train,9,tench,../notes/image_data/imagenette-320//tench/ILSVRC2012_val_00045866.JPEG
id_000494,train,4,French_horn,../notes/image_data/imagenette-320//French_horn/ILSVRC2012_val_00048507.JPEG
id_000495,train,2,church,../notes/image_data/imagenette-320//church/ILSVRC2012_val_00010770.JPEG
id_000496,valid,1,chain_saw,../notes/image_data/imagenette-320//chain_saw/ILSVRC2012_val_00025890.JPEG
id_000497,train,9,tench,../notes/image_data/imagenette-320//tench/ILSVRC2012_val_00009191.JPEG
id_000498,valid,1,chain_saw,../notes/image_data/imagenette-320//chain_saw/ILSVRC2012_val_00034727.JPEG
id_000499,valid,2,church,../notes/image_data/imagenette-320//church/ILSVRC2012_val_00031446.JPEG
id_000500,train,1,chain_saw,../notes/image_data/imagenette-320//chain_saw/ILSVRC2012_val_00017801.JPEG
